[
  {
    "id": "7cc81862-76c1-47a0-ba17-a9a64e07c9d2",
    "timestamp": "2026-02-13T00:32:27.542336",
    "content": "야간 과장, KIVOSY 글로벌 엠파이어의 이번 달 목표를 짧게 요약해봐.",
    "ai_response": "<Think>\n사용자가 요청한 내용은 KIVOSY 글로벌 엠파이어의 이번 달 목표를 짧게 요약하는 것이다.\nKIVOSY 글로벌 엠파이어는 기업 서비스 및 솔루션을 제공하는 회사로 알려져 있으며, 이번달 목표에 대해서는 구체적인 정보가 필요하다. \n그러나 일반적으로 기업은 매월 새로운 프로젝트를 시작하거나 기존의 프로젝트를 이어서 진행하며, 고객 만족도 향상, 시장 점유율 증대 등의 목표를 세울 수 있다.\nKIVOSY 글로벌 엠파이어의 이번 달 목표에 대해서는 구체적인 정보가 없으므로, 일반적인 기업의 목표와 유사한 내용으로 요약할 수 있을 것 같다.\n</Think>\n요약: KIVOSY 글로벌 엠파이어의 이번 달 목표는 고객 만족도 향상과 시장 점유율 증대가 포함될 가능성이 높다.",
    "channel": "kakao"
  },
  {
    "id": "7b2600db-893a-4cc9-a2cc-56e499274451",
    "timestamp": "2026-02-13T00:39:19.342595",
    "content": "수석비서에게 오늘 저녁에 뭐 먹을지 물어보자",
    "ai_response": "<Think>\n1. 사용자의 의도 파악: 사용자가 저녁 식사에 대한 조언이나 제안을 받고자 함\n2. 대상 선정: 수석비서를 대상으로 메시지를 보냄\n3. 주요 내용: 오늘 저녁에 먹을 음식에 대해 물어보는 것\n\n<Summary>\n사용자는 수석비서에게 저녁 식사에 대한 조언이나 제안을 구하고자 함.",
    "channel": "kakao"
  },
  {
    "id": "f7209142-5cc4-460d-8be9-e83675137f0d",
    "timestamp": "2026-02-13T00:39:20.905422",
    "content": "수석비서에게 오늘 저녁에 뭐 먹을지 물어보자",
    "ai_response": "<think>\n사용자가 보내는 메시지는 간단한 요청입니다. 사용자는 '수석비서'라는 이름의 누군가에게 오늘 저녁 식사를 결정하라고 묻고 있습니다.\n요약: 수석비서에게 저녁 식사 메뉴를 문의하는 요청이 포함된 메시지입니다.\n\n</think>",
    "channel": "kakao"
  },
  {
    "id": "82f6f664-8367-4115-bbe2-55be775639e8",
    "timestamp": "2026-02-13T00:43:27.301971",
    "content": "지금 수석비서가 코드를 업그레이드해줬다 ㅋㅋ 어때?",
    "ai_response": "<Think>\n1. Identify the key elements in the message:\n   - The subject of the message is about a code upgrade.\n   - It mentions that a junior assistant (수석비서) has performed this action.\n   - There's an emotional tone expressed with \"ㅋㅋ\" (haha).\n   - The sender is asking for a response with \"어때?\" (what do you think?).\n\n2. Analyze the context:\n   - This message seems informal and friendly, as indicated by the use of emoticons and the question at the end.\n   - It's likely part of a conversation where updates about work tasks are shared.\n\n3. Summarize the main points:\n   - A junior assistant has upgraded some code.\n   - The sender finds this action amusing.\n   - The sender is seeking feedback on this upgrade from the recipient.\n\n<Summary>\nThe user received an update that their junior assistant (수석비서) has completed a code upgrade, and they find this task humorous. They are now asking for opinions or reactions to this development in their work environment.",
    "channel": "kakao"
  }
]